2/00f0204f_nohash_1.wav	2
6/0b09edd3_nohash_1.wav	6
3/0b40aa8e_nohash_1.wav	3
3/00b01445_nohash_1.wav	3
4/0ac15fe9_nohash_0.wav	4
2/00b01445_nohash_2.wav	2
3/0b56bcfe_nohash_0.wav	3
1/0b40aa8e_nohash_1.wav	1
0/0bd689d7_nohash_0.wav	0
9/0b09edd3_nohash_0.wav	9
2/00f0204f_nohash_0.wav	2
3/0a9f9af7_nohash_0.wav	3
0/0ab3b47d_nohash_0.wav	0
7/0b56bcfe_nohash_1.wav	7
1/0b09edd3_nohash_0.wav	1
0/0b56bcfe_nohash_1.wav	0
8/0a9f9af7_nohash_0.wav	8
8/0b09edd3_nohash_1.wav	8
8/00b01445_nohash_0.wav	8
2/00b01445_nohash_1.wav	2
7/0b77ee66_nohash_1.wav	7
4/0b56bcfe_nohash_0.wav	4
5/0b56bcfe_nohash_0.wav	5
0/0bd689d7_nohash_2.wav	0
6/0a7c2a8d_nohash_0.wav	6
4/00f0204f_nohash_0.wav	4
4/0b40aa8e_nohash_0.wav	4
9/0b56bcfe_nohash_0.wav	9
5/0b40aa8e_nohash_0.wav	5
0/0bd689d7_nohash_1.wav	0
4/0b77ee66_nohash_0.wav	4
9/0b09edd3_nohash_1.wav	9
1/0b56bcfe_nohash_1.wav	1
7/0b56bcfe_nohash_0.wav	7
3/0c2ca723_nohash_0.wav	3
0/0b09edd3_nohash_0.wav	0
6/0a7c2a8d_nohash_1.wav	6
5/0ab3b47d_nohash_2.wav	5
6/00b01445_nohash_0.wav	6
0/0bde966a_nohash_1.wav	0
3/00b01445_nohash_0.wav	3
3/00b01445_nohash_2.wav	3
6/0a9f9af7_nohash_0.wav	6
5/0ab3b47d_nohash_1.wav	5
7/0b77ee66_nohash_0.wav	7
0/0bde966a_nohash_0.wav	0
5/00f0204f_nohash_0.wav	5
1/0a7c2a8d_nohash_0.wav	1
2/00b01445_nohash_0.wav	2
5/00b01445_nohash_1.wav	5
3/0b40aa8e_nohash_0.wav	3
9/0ac15fe9_nohash_0.wav	9
7/0a0b46ae_nohash_0.wav	7
6/0ab3b47d_nohash_0.wav	6
3/0c40e715_nohash_0.wav	3
5/0ab3b47d_nohash_0.wav	5
4/0ab3b47d_nohash_1.wav	4
9/00b01445_nohash_0.wav	9
8/0b77ee66_nohash_0.wav	8
5/0a9f9af7_nohash_0.wav	5
8/0b09edd3_nohash_2.wav	8
9/0a9f9af7_nohash_0.wav	9
2/0b56bcfe_nohash_1.wav	2
8/0bde966a_nohash_0.wav	8
8/0ab3b47d_nohash_0.wav	8
2/0b56bcfe_nohash_0.wav	2
7/0b77ee66_nohash_2.wav	7
0/0b56bcfe_nohash_2.wav	0
7/0a9f9af7_nohash_0.wav	7
8/0b09edd3_nohash_0.wav	8
7/0ab3b47d_nohash_0.wav	7
2/0ac15fe9_nohash_0.wav	2
4/0bde966a_nohash_0.wav	4
2/0a7c2a8d_nohash_0.wav	2
4/0a9f9af7_nohash_0.wav	4
1/00f0204f_nohash_0.wav	1
6/0a7c2a8d_nohash_3.wav	6
9/0a7c2a8d_nohash_0.wav	9
2/0b40aa8e_nohash_0.wav	2
7/0a7c2a8d_nohash_0.wav	7
8/0ab3b47d_nohash_1.wav	8
